,Exemplar,Cluster
0,Poriddge with Shredded Carrot,Poriddge with Shredded Carrot
1,Champagne Bottle,"Birra Moretti Bottle, Champagne Bottle, Coca Cola 1.5L Bottle, Diet Pepsi Bottle Splash, Grab and go salad 2, Liptons Ice Tea Bottle, Malibu + bottle , Millionaire Brownie , Ruinart Blanc Bottle, Schweppes Tonic Bottle , Tennent's Lager Bottle"
2,Breakfast Bap,"Breakfast Bap, Breakfast Box 1, Breakfast Extra (80p), Breakfast Pot - Meat, Breakfast Roll, English Breakfast Tea, Extra Breakfast Item, Full Breakfast, Haribo Tangfastics 160g, Veggie Breakfast Brunch "
3,Sausage Roll,"4 x Fudge Cone, Baguette 2.60, Franco's Cola Ice Lolly, Sausage & chips, Sausage Roll, Sausage Roll & Chips, Soup & Roll, Spring Rolls, Taittenger Rose, VW CLOAKROOM, Walls Mint Magnum Lolly"
4,Disaronno Single,"Brighton Gin Single, De Martino Estate, Disaronno Amaretto, Disaronno Single"
5,Jack Rabbit Chard - Bottle (Small),Jack Rabbit Chard - Bottle (Small)
6,Guinness Can,"% Tanqueray Gin, 1/2 Guinness Draught, Baileys Dbl, Budweiser cans, Guinness Can, Guinness Shandy, Guinness Surger Can 520ml, Iron Bru Can"
7,Crispy Chicken Sub,"Brazilian Chicken Stew , CC jerk chicken pattie, Chilli Chicken, Complete Puppy Chicken 454g, Coronation Chicken Baguette, Creamy Chicken Korma, Crispy Chicken Sub, Pasty- Chicken"
8,Rose Wine 187Ml ,"House red 175ml , Moet Rose 125ml Glass, Rose Wine 18.7ml, Rose Wine 187Ml , White Wine Single Serve , Wine White Small 187ml PET"
9,Coke Can,"*Coke 330ml, Barr Cherryade Can, Bounce Ball, COKE CLASSICS, COSTA M HOTCHOC, Cell Count Can, Cherry Danish, Chick Off, Coca Cola , Coke Can, Coke Diet Can 330ml, Cold Can, Croissant, Diet Coke Can, Honey Nut Crunch, Kids Walk in, Kit Kat, Large Capp GM, Loaf Cake, Love Corn, Mackies C&O, Monster Can, NOC Quorn Wrap , Pepsi Can, Pork Loin, Vimto Can, Yorkie Bar Raisin, ZZZZMeat Main, Zero Can, vimto can"
10,Ladies Who Shoot Their Lunch,Ladies Who Shoot Their Lunch
11,Strawberry Frappuccino Grande,Strawberry Frappuccino Grande
12,Dr Pepper 500ml,"Capri Sun Orange 200ml, Diet Coke 500ml, Dr Pepper 500ml, Frais de perso 50.-, IMPurple150ml, Milk - 500ml, PET Water 500ml Spark, Pep Orig 500ml, Valser Silence PET 50cl, dr pepper zero 500ml, with Pineapple 200ml"
13,Smirnoff Red 25ml,"Lugger Spiced Rum 25ml, Shipyard Can 440ml, Smirnoff Ice, Smirnoff Red 25ml, Smirnoff Vodka Double, Whitley Neil 25ml"
14,Yoghurt Pot,"Fruit Yoghurt Small, LOYouthfull200m, Peroni Draught Pint, Veggie Hot Box, Yoghurt Pot, Yoghurt with fruit, Yoghurts, £1.00 protein pot"
15,Apple & Cinnamon Porridge,Apple & Cinnamon Porridge
16,Galanti Prosecco 125ml,"Galanti Prosecco 125ml, Gamay Noir Jean 125ml, Grahams 6 Grape Port 50ml, Parini, Pinot Grigio 125ml"
17,Pinot Grigio Primi Soli 750ml Bottle,Pinot Grigio Primi Soli 750ml Bottle
18,"Jerk Chicken Wings. Rice, Peas, Slaw & Gravy","Jerk Chicken Wings. Rice, Peas, Slaw & Gravy"
19,Snapple Fruit Punch Fruit Cocktail 473ml,Snapple Fruit Punch Fruit Cocktail 473ml
20,Sauv Blanc 175ml Ventopuro,Sauv Blanc 175ml Ventopuro
21,Vendance White Zinfandel 250ml,"770 miles Zinfandel 250ml, Vendance White Zinfandel 250ml"
22,Bells Extra Special Scotch 25ml,Bells Extra Special Scotch 25ml
23,Nutella Crepe,"6 Items Break, Estrella Half, Gunn Club 2 Course Meal, Nutella & Banana Crepe, Nutella Crepe, Oreo & Nutella Crepe"
24,Carling - Half Pint ,"Budweiser - Half Pint, Carling - Half Pint , Moretti Half Pint "
25,Camden Pale Ale,"Black Bean Tofu Noodle, Cafe Central 16oz Mocha, Camden Pale Ale, Camden Pale Ale Half, Challenge 25 - No ID, Classic Cottage Pie, Muller Rice Apple, Value Deal - �3.99"
26,Espresso,"Coffee- Espresso Lg, Espresso, Espresso , Hippeas, Primo Espresso, SC Mission"
27,Red Bull,"Add Bacon, Add Bacon , BAVARIA BT, Bread Roll, Ham Roll, Ice Only, Latte Tall, Lemonaid, Med Veg, Lentil, RED BULL, Radnor Splash, Red Berry & Flower, Red Bull, Red Bull Sugar Free, Red bull, Red bull 250ml, Seeded Bagel, VK Bottle, Wedges £1, Yellows Nuts"
28,Pasta Bar * Cheesy Broccoli Bake w/ Garlic Bread,Pasta Bar * Cheesy Broccoli Bake w/ Garlic Bread
29,Plain Water,"250ml. Refined Wine, Alpro Oat No Sugars, Apricot Pastry, Block Outdoor, Galaxy Caramel, Pancakes, Plain Water, Prelude, Taittinger, Pupil Planner, Sparkling Water, Still Water, Tequila + dash , plain Rice"
30,56. Chateau Leoube Rse,"250ml Chapel Down Rose, 56. Chateau Leoube Rse, 63. Chateau Guiraud"
31,Howling Half,"Brownie/Flapjack, Chameleon Half, Cordial Dash, Fish BBQ - Half, Heineken Half, Hopping Hare Btl, Hot Hand Held 2.45, Howling Half, Morning Pastry, San Miguel Half, spring roll"
32,"Gammon, Mustard & Cheddar on Malted","Gammon, Mustard & Cheddar on Malted"
33,Tunnocks Milk Chocolate Caramel Wafer 30g,Tunnocks Milk Chocolate Caramel Wafer 30g
34,Barquet Movenpick Swiss Chocolate 165ml,"Barquet Movenpick Stracciatella 165ml, Barquet Movenpick Swiss Chocolate 165ml"
35,Grab and Go sandwichdeli  Veggie,Grab and Go sandwichdeli  Veggie
36,Chocolate & Pecan Brownie Traybake,Chocolate & Pecan Brownie Traybake
37,Coke Zero 500ml Draught,"Coke Zero 500ml Draught, Coke Zero 500ml PET"
38,Free Coffee," Sanded Buff Stoneware, Banoffee, Diet Can of Juice, Free Coffee, Free Hot Drink, Frostino Coffee Large , Fursty Ferret, Grey Goose, Homemade Muffin, Iced Coffee Massimo, MED Black Coffee, Marybake Muffins, Oreo Bites, PNBeefTom114g, Piece of fruit, W13. CS Rose, filter coffee"
39,Gordons Pink 35ml,"Beefeater Pink Gin 25ml, Cotswolds Whisky 25ml, Courvoisier XO 25ml, Full Fat Milk 320ml, Gordan's Pink Gin 25ml, Gordons 35ml, Gordons Pink 35ml, Gordons Pink Dbl, Gordons Pink Gin, Jack Daniels Fire 25ml, Mozzo Pod Pink/Gold, Sipsmiths Gin 25ml, Torrontes 125ml, Yorkie Bar Milk Choc"
40,Orange Juice With Bits,"Innocent Orange Juice Wth Bits, Orange Juice With Bits, Overnight Oats with Berry"
41,Sweet Jacket Potato,"1 x Roasted Tomato, 3 Fillings Jacket Potato, Sweet Idea - Flapjack, Sweet Jacket Potato"
42,Creamy Potato & Spinach Soup 12oz,Creamy Potato & Spinach Soup 12oz
43,16oz Latte,"12oz Latte, 16oz Latte, 16oz WHOLE Latte, Anne Lister, B15 Bolney Estate, BTC Latte PL, Bacon Baguette, Cafe Latte, Go Large, Small Latte"
44,Becks Blue Retail,"Becks Blue 275ml, Becks Blue Retail, Ben Shaws Cloudy Lemonade, Bombay Blush Pitcher"
45,Caramel Macchiato,"12oz Decaf Macchiato , Caramel Macchiato, Monster Munch Mega, Primo Macchiato, Supreme Meal Deal , Venti Caramel Macchiato"
46,Chocolate orange flapjack Delicious ideas,Chocolate orange flapjack Delicious ideas
47,Soup of the day,"Chef?s Pie of the Day , Coffee Staff Raceday, Cookie of the Day, Dessert of the day, Logo Beanie Hat, Saj Of the Day, Soup of the day, Sourz Cherry 25ML, Strongbow Cloudy, cafe - Cake of the day"
48,Eat Natural Blueberry & Cashews,Eat Natural Blueberry & Cashews
49,CLOUDY BAY PINOT NOIR BTL,CLOUDY BAY PINOT NOIR BTL
50,juice burst orange juice 500ml,juice burst orange juice 500ml
51,Fanta Fruit Btl,"Alpen Fruit & Nut, Capt Morgan Dbl, Costa Fruit & Oat Biscuits, Fanta Fruit Btl, Fanta Fruit Twist Zero BTL, Fanta Lemon BTL, Fanta Orange, Fanta Orange Zero BTL, Fresh Fruit HO, Oasis Summer Fruits 500ml, Santa Luz Merlot Btl, Tesco Brazil Nuts, Tuffolo Gavi Docg  Btl"
52,Gunn Club Ham & Pickle Baguette,Gunn Club Ham & Pickle Baguette
53,Mocha,"7UP SS, Avocado, BOVRIL, Cordials , Corona, Crunchie, Go Ahead, Grande Mocha, LRG Mocha, MAIN, MALIBU, Macchiato, Matcha, Medio Mocha , Moccha R, Mocha, Mocha 9oz, Mocha Lrg, Mushroom, No ID, Popcorn , Ribena, Tomato, wispa , £1.30"
54,Winter Stew w/ Crusty Bread,Winter Stew w/ Crusty Bread
55,M&S Hoisin No Duck Wrap,M&S Hoisin No Duck Wrap
56,Cristallina Ananas - Yoghurt ,"Cristallina Ananas - Yoghurt , Cristallina Vanille - Yoghurt "
57,INNOCENT GUAVA PINEAPPLE,INNOCENT GUAVA PINEAPPLE
58,Soho Simply British Ham Sandwich,Soho Simply British Ham Sandwich
59,Scrambled Egg,"Fried Egg, SauCranberr165g, Scrambled Egg, Steamed Rice, add Scramb Egg"
60,Cheese Pot,"Archers  50ML, Boneless Bites, Cheese & Tomato , Cheese (60g), Cheese Bagel, Cheese Croissant, Cheese Pot, Cheese Savoury, Cheese scone, Cheese/Egg Pot, Cheesecake, Cheesecake Pot, Chewing Gum, Chilli & Cheese Dog, Chilli Dog, Coleslaw Pot, Crows Nest food , Grape Pot , Nibble Pots, Veggie Pita, house 125ml "
61,Woodford Reserve Bourbon (50ml),Woodford Reserve Bourbon (50ml)
62,Quinoa Chilli & Lime,"Lentil - Chilli & Lemon, Quinoa Chilli & Lime, Suso Lemon & Lime"
63,RB302 - Tuna & Seasoned Mayonnaise with Salad,RB302 - Tuna & Seasoned Mayonnaise with Salad
64,Highland Shotbread Fingers,Highland Shotbread Fingers
65,SOHO Product £2.75,"HOT CHOCOLATE £2.50, SOHO Product £2.75, SOHO Product £4.30"
66,Soup,"3 Course, 3 dips, Avial, BLT, Coors , Doppio, Doughnut, EGG 80p, Egg, FUEL, Fruit, Gum, Polo, Salad, Skips , Snack, Soho C, Soup, Soup Bowl, Soy Egg, Squid, Syrup , Toast, Topping, £10"
67,Punta de Vista Cabernet Sauvignon,Punta de Vista Cabernet Sauvignon
68,8OZ Vegan Apricot Topped Yoghurt,8OZ Vegan Apricot Topped Yoghurt
69,KIDS Pizza & Chips,"1/2 Pizza & Fries, CONF Kit Kat Chunky, KIDS Pizza & Chips, Romana Pizza Parmigiana, Steak Pie & Chips"
70,Ham & Cheese Panini,"CC ham and cheese panini, Four Cheese Penne, Gunn JP Cheese & Beans, Ham & Cheese Panini, Ham & Emmental Barmarked Panini, Jam & Marmalade Portions, Macaroni Cheese Salad , Panini - Cheese & Ham, Tuna Melt Panini "
71,Sauce Sachet,"Bacon Rasher, Frappucino Mocha, Sauce Sachet, Sm Iced Cappuccino, Snack o jack S&V, Starbucks Iced Tea, Veuve Clicquot"
72,Fevertree Lemonade ,"Fever-Tree Light 220ml, Fevertree Lemonade , Five Item Breakfast, Pimms and Lemonade"
73,Water,"*Panini, Aero, Banana, Cake , Can-o-water, Jambon, Liqueurs, Olives, Orchestrated, Preserve, Quaver, Radnor, Snickers, Toastie, Tracker, Wallet, Water, Wrigleys, Yazoo, can "
74,Jacket Topper SS,"Charred Tender Stem, Hot jacket topper , Jacket Filling x2, Jacket Spud 80p, Jacket Topper SS, Nocco Can Tropical SS, Table Top Cafe Au Lait, Vit Hit berry SS"
75,Meal Deal - Chicken & Fries ,"Meal Deal - Bacon Bap & Drink , Meal Deal - Chicken & Fries "
76,Jacket Potato & Protein,"Jacket Potato & Protein, Jacket Potato One FIlling"
77,Deli Salad,"Apple Sultana FJ, BK Delhi Tikka , Chana Palak, Cheese Salad, DMInvisible150m, DOUBLE ESPRESSO, Deli 3.45, Deli Ciabatta STD, Deli Salad, Deli Spec Bread STD, Divina Cava Bt, EHU Lanyard, Greek Salad, Greek Salad , Ham Salad, Just Sausage, Kelloggs Square, Pepsi Max 1/2, Rare Beef Salad, Small Salad, Veg Sausage, cheezie Straws, meal Deal - Pasta Salad, £2.50 meal deal "
78,Primo Americano,"Irish Trashcan, Primo Americano, Primo H/C B/Forest, Small Americano, Wimbledon Special"
79,Annual pass for 1 concession ,Annual pass for 1 concession 
80,Flat White,"Constantine, Elm St Ice Tea, Flat White, Plum Tomato, Roast Turkey, SB Flat White"
81,Butternut Squash Tagine & Couscous (v),Butternut Squash Tagine & Couscous (v)
82,Gluten Free Summer Berry Flapjack,Gluten Free Summer Berry Flapjack
83,Finca Valero Garnacha Rosado Bottle ,Finca Valero Garnacha Rosado Bottle 
84,Soho Ham Cheddar & Mustard Mayo Baguette,Soho Ham Cheddar & Mustard Mayo Baguette
85,FUZE TEA BLACK TEA Lemon Pet 40cl,FUZE TEA BLACK TEA Lemon Pet 40cl
86,Walkers Baked Salt & Vinegar,"Pop Chips sea salt & vinegar, Walkers Baked Salt & Vinegar, Walkers Baked Sea Salt 37.5g, Walkers Ready Salted 32.5g"
87,Radnor Splash Lemon & Lime 330ml,Radnor Splash Lemon & Lime 330ml
88,Framptons Still Water (330ml),Framptons Still Water (330ml)
89,Hot Milk,"250ml Coconut Milk, Add Splash of Milk, Dairy Milk, H from H 4.25, Hot Milk, Hot Milk 8oz, Lemon Drizzle, No Milk, Olive Oil, Soya Milk, Special Milk, Too Drunk, Tropical Mix, W31. Ramon Bilbao"
90,"Soho Ham, Cheddar & Pickle","Soho Ham, Cheddar & Pickle"
91,Pasta salad large,"Costa Can Vanilla Latte , Costa Small Hot Choc , Iced Costa Latte Large , LRG P'Kin Spiced Latte, Pasta Kuchari , Pasta salad large, Pasta with Putenesca Sauce, Pesto Baked Chicken, Pizza Slice Plain , Sauteed Savoy Cabbage, Speciality Teas - large, ZZ Standard Carvery, mangalore malabar bk"
92,Veganz Clean Protein Bar Cacao 45g,Veganz Clean Protein Bar Cacao 45g
93,Crabbie's Alcoholic Ginger Beer,Crabbie's Alcoholic Ginger Beer
94,Sausage Sandwich,"BBQ Sausage Sandwich, Cheese & Tomato Sandwich, Cheese sandwich , Double Hendricks, Egg Sandwich, Falafel Sandwich, Fish Finger Sandwich, Grab & Go Sandwich B, S Sandwich, Sausage Baguette, Sausage Sandwich, Steak Sandwich, W Margherita Slice, cafe - Premium Sandwich, sausage and mash, £2.00 Sandwich  "
95,Strongbow Dark Fruits (Pint),"Strongbow Dark Fruit Pint 4.0%, Strongbow Dark Fruits (Pint), Strongbow Dark Fruits Can"
96,J2o Apple & Raspberry,"Go Ahead Strawberry, J2O Apple & Raspberry, J2o Apple & Raspberry, muller corner strawberry"
97,Border Biscuit,"Border Biscuit, ElderFlower Belvoir, Forest Discount, Ginger Biscuit, Tiffany Biscuit"
98,Smart Water Sparkling 600ml,"Abbey Well Sparkling Water 500ml, Smart Water Sparkling 600ml, Strathmore - Sparkling 750ml"
99,Salmon & Tripe Mince 454g,Salmon & Tripe Mince 454g
100,Chicken Wings & Fries Snack Box,Chicken Wings & Fries Snack Box
101,Alpen Bar Strawberry & Yoghurt,Alpen Bar Strawberry & Yoghurt
102,GLUTEN FREE Chunky Egg Roll V ,GLUTEN FREE Chunky Egg Roll V 
103,CL111 - Ham & Matue Cheddar,CL111 - Ham & Matue Cheddar
104,Extra Shot,"1 x Hash Brown, Extra Cream, Extra Filling, Extra Hot, Extra Option £1.09, Extra Protein, Extra Shot, Extra Shot , GH Extra Shot, Lux Rasp Sgl , PE Polo Shirt KF, Pizza 2.75, St. Simon , Syrup Shot SS, Victoria Sponge"
105,Symonds Cider Pint (+Eco cup),Symonds Cider Pint (+Eco cup)
106,Soho Greek Style Yoghurt with Mixed Berry Compote,Soho Greek Style Yoghurt with Mixed Berry Compote
107,800g Roberts Brown Medium PMP,800g Roberts Brown Medium PMP
108,T-Shirt Green L,"SWSportStre45ml, Sweet Ideas 1, T-Shirt Black L, T-Shirt Green L"
109,Jack Rabbit White Zinfandel,"Canyon Road White Zinfandel, Jack Rabbit - Large Glass , Jack Rabbit White Zinfandel"
110,Walkers Crisps,"CRISP Walkers Max C&O, Emilys Crisps, Grab Bag Crisps £1.10, WalkFrencfriesWS, Walkers Crisps, Water- Can Spark"
111,Sweet Ideas Classic Giant Strawberries,"Sweet Ideas Classic Giant Strawberries, Sweet Ideas Classic Strawberry Bon Bons, Sweet Ideas Classic Vanilla Fudge"
112,Hong Kong Vegetables Fried Rice,Hong Kong Vegetables Fried Rice
113,One World Fruit Flapjack,"One World Fairtrade Fruit Flapjacks, One World Fruit Flapjack, Pie/Hot/Cold Drink + Snack"
114,Mars Bar,"BULMERS RED BTL, Bacon Bap, Bakes Beans (dinnerH), Bar Snack, Cans (H), Egg Bap, HM cake 1.40, Latte -Small, M&Ms plain , Macaroni Pie, MagAlmoIC, MagDblCarIC, Main Part, Manchester Tart, Mars, Mars Bar, Milky Bar, Mini Jam Jar, Moretti BT, Nakd Bar, PNCurry 90g, Pepsi Max, Small Bap NOC, YO - YO , Zest Bar"
115,Additional Coleslaw,"Additional Coleslaw, Additional Small Topping, Deliciousideas Love Bar"
116,Sandwich £1.70,"*Add on 3.00, Baguette pizza (£1.00), Deli sandwich £3.25, Egg Bap £1.10, SOHO £1.60, SPECIALITY TEAS £1.60, Sandwich D, Sandwich Thon, Sandwich £1.70, Sandwich £1.80, Seed/fruit boxes £1.40, Shanklish cheese, TEQUILA £2.20, Urban Eat - 2.75, real wrap C £2.50"
117,Chicken & Bacon on White ,"Cheese & Bacon Turnover, Chicken & Bacon on White , Chicken & Sweetcorn Baguette, Roast Chicken & Stuffing on White, Soho Chicken & Bacon Sandwich"
118,Hunters Lentil Protein chips 25g,Hunters Lentil Protein chips 25g
119,Founders Stone Chardonnay Btl,Founders Stone Chardonnay Btl
120,Sunpride Cranberry Juice Half,Sunpride Cranberry Juice Half
121,75CL CONDE VALDEMAR RIOJA,75CL CONDE VALDEMAR RIOJA
122,"Double Sausage, Egg, Cheese Muffin","Double Sausage, Egg, Cheese Muffin"
123,Whitley Neil Brazillian Lime 25ml,Whitley Neil Brazillian Lime 25ml
124,Chicken Burger,"125ml Whispering Angel, Add Chicken Breast , Beef Burger, Cappuccino Large, Chicken Balti Pie, Chicken Burger, Chicken Fatta, Chicken Goujons , Chicken Tikka Flatbread, Chickenless Bake, Chickpea & Tom, Chocoly Original Wernli, Crispy Fish burger, Halal Burger, P-Cheese Burger, Rockin Beef Burger , Veg/Quron Burger (£1.90)"
125,Mens ICN Polo - Blk/Gld M,"Mens ICN Polo - Blk/Gld M, Mens Rain Jacket - Black S"
126,Fruit Salad Pot,"1 Fruit piece 1.10, Crest Zip Navy 2XL, Fruit Bubble Tea, Fruit Salad Bowl, Fruit Salad Pot, Medium Salad Bar, NW B27 Rama Tinto, One Shot Salad Portion, Overnight Oats Pot, Tuna Salad Panini"
127,Duck & Chicken Complete 454g,Duck & Chicken Complete 454g
128,Sauce Portion,"Butter Portion, Liquorice Allsorts, Rice Portion, Sauce Portion, Sauce Portion , Saute Mushrooms, Sliced Bloomer 22p , Vinegar Portion"
129,Bell's Blended Scotch Whisky 25ml,Bell's Blended Scotch Whisky 25ml
130,8 - Pommery Brut Rose NV,8 - Pommery Brut Rose NV
131,Steenbok Sauv Blanc 175ml,"Steenbok Sauv Blanc 175ml, Yealands S. Blanc 175ml "
132,CL401 - Free Range Chunky Egg Mayonnaise & Mustard,CL401 - Free Range Chunky Egg Mayonnaise & Mustard
133,Tuna & Sweetcorn Pasta,"Tuna & Sweetcorn Pasta, Tuna & Sweetcorn Sandwich, Tuna & Sweetcorn on Oatmeal, Tuna, Sweetcorn & Cucumber"
134,Shortbread Fingers Snackpack,Shortbread Fingers Snackpack
135,EXTRA DRY DOUBLE,"EXTRA DRY DOUBLE, GLENMORANGIE 10YR DOUBLE, MARTINI EXTRA DRY 50ML"
136,Tuna Pot,"50p Product, BTL Inspiral Merlot, Channa Pindi, Fruit Pot, Granola Pots, Guacamole, Hug in a Mug, Jungbomb 3 for £5, Lucozade Sport, Nut Roast, Tango 16oz, Tanq Sgl, Tomatoes on Toast, Tonic Post Mix Pt, Topped Potato, Tuna Mayo Jacket, Tuna Pot, Vegan Hotdog"
137,Mash Potatoes,"Aladin Potato 15gm, Bombay Potatoes, Danish Pastries, East Coast IPA, Mash Potatoes, Plum Tomatoes tinned, Turkish Tomato Salad, pop bottles"
138,Chicken Mayonnaise in White Halal Sandwich,Chicken Mayonnaise in White Halal Sandwich
139,Glass Noodles with chicken sopas,Glass Noodles with chicken sopas
140,Espresso Double,"D/Espresso Discount, Espresso Double, Espresso Double , Red Square Vodka Double RS, Tia Maria Double"
141,Americano 16oz,"Americano 12oz Bean to Cup, Americano 16oz, Americano Fontanella 16oz , Americano Large, Americano Medium"
142,Beer/Cider 4 halfs for ?10,Beer/Cider 4 halfs for ?10
143,Dead Mans Finger Coconut 50ml,"Dead Mans Finger Coconut 50ml, Dead Mans Finger Pineapple 50ml, Dead mans finger 50ML"
144,DIET COKE CAN,"9 INCH GARLIC BREAD, BARISTA COFFEES £2.50, COCA COLA GLASS , DIET COKE CAN, DOUBLE UP DEAL, G ICED AMERICANO, LP ROSE MAGNUM, MEDIUM SAUV BLANC SH, MIX CASHEW NUTS, No 7 3 COURSE MEAL, PARK HONEY 8oz, PIMMS PRE MIX CAN"
145,Walkers Standard Bag Cheese & Onion,Walkers Standard Bag Cheese & Onion
146,ZZ Loacker Napolitaner,"Veg carvery roast dinner, ZZ Loacker Napolitaner, ZZ Loacker Vanilla, tunnocks caramel wafer "
147,Whitstable bay pale ale 1/2 pt,Whitstable bay pale ale 1/2 pt
148,Corkys Raspberry 25ml,"Corkys Raspberry 25ml, Scoop - Raspberry Ripple"
149,BAREBELLS WHITE CHOCO ALMOND,BAREBELLS WHITE CHOCO ALMOND
150,Little Beauty Sauvignon Blanc,Little Beauty Sauvignon Blanc
151,Premium Sausage Bap,"Bacon & Sausage Bap, Premium Filling 0.95, Premium Sandwich HO, Premium Sausage Bap"
152,Croissants/ Pastries (£1.50),Croissants/ Pastries (£1.50)
153,Sambucca 25ml,"BWSportAct250ml, Black Sambuca 25ml, Blackcurrent 25ml, ComLuscious58W, GarlicMayo250ml, Malibu Single 25ml, Sambucca 25ml, Shortcross 35ml, SimAPStick40ml, Tomato Juice - 125ml, V05DryBack200ml, Zapa Malbec 125ml"
154,Amstel Pint,"Absolut Vodka Miniature, All Steak Pie, Amstel Pint, Amstell Pint, Apple Pie, Aviator Gin , Carling Pint, Fishless Fish, GUINNESS Pint, Lemon & Ginger, Nestle Mini's, San Pellegrino, Tennent's  Pint, Twisted Peach Bellini "
155,Cadbury Oreo Bites,"Cadbury 120g bar, Cadbury Boost Choc Bar, Cadbury Oreo Bites, Jacquart Brut Mosaïque , Koppaberg Mixed Berries"
156,Roberts Brown Sandwich Slims x 6,Roberts Brown Sandwich Slims x 6
157,LGE ROSE PET (VIN),"LEMON PEPPER CHICKEN, LEMONADE - HALF PINT, LGE ROSE PET (VIN), LOCKTOBER PILSNER STEIN, SMALL WHITE PET (VIN)"
158,Sprite,"Asprin, District £7, Mojito, Omlette, Open Drink, Open Price, Pinotage, Porridge, S/F Caramel, SGAttractHer250, SJChilli26g, SVG Toilet500, Sausage, Small Tea, Sprite, Sprite/Fanta, Tea Speciality, Teacake, Tribe, Twirl43g, VK Ice, Yorkie"
159,Real Hand Cooked Sea Salt Crisps 35g,"Real Hand Cooked Crisps Jalapeno 35g, Real Hand Cooked Sea Salt Crisps 35g"
160,Gnt White Flry Batch Slcd x 12,Gnt White Flry Batch Slcd x 12
161,Pop Chips,"Add Cheese, LRG Chips, OPEN DRAUGHT, PET Coke, Pie and Chips , Pink Soda Schweppes, Pop Chips, Pop Chips BBQ, Pork Scratchings, Vegan Cheese"
162,Coke Zero,"5c menu (veg), Aloo Jeera, CD Coke Cherry Zero, COKE ZERO, Coke Energy, Coke Zero, Coke Zero Btl, Cookware �18.00, Double Decker Duo, GUIN NESS, Kinder Bueno, Soda (mixer), shower gel "
163,The Florita Riesling 2017,The Florita Riesling 2017
164,Salted caramel crunch medium,Salted caramel crunch medium
165,Giant Cookie,"Bcurrant Cord Dash, Giant Bourbon, Giant Cookie, Glenmorangie, Graduation Hoodie M, Granfort Rose , Medium Cookie X2, Penne Bolognaise, chocolatey cookies"
166,Large Cheesy Chips,"Beef burger cheese fresh, Kettle sweet chilli, Large Cheesy Chips, Large Grab & Go pots  , Small Cheesy Chips, Sweet Cheeks Cider, Veggie Pie with Chips"
167,Neethlingshof Pinotage Bottle,Neethlingshof Pinotage Bottle
168,Lucozade Sport Raspberry 500ml BTL,"Lucozade Sport Raspberry 500ml BTL, Ribena Sparkling Raspberry 500ml BTL"
169,Hot Chocolate ,"Flourless Chocolate Cake, Hot Choc Large, Hot Choc Lrg, Hot Chocolate, Hot Chocolate , Hot Chocolate 12oz, Hot chocolate large, MB Chocolate Chip Muffin, Milk Choc Peanuts , OHSO Cake Slice , PET Coca Cola (MP), Yellows Hot Chocolate, cafe - Chocolate Bar £1.00"
170,Monte Cristo/Puritos Cigar,Monte Cristo/Puritos Cigar
171,LARGE FISH,"200ML ORANGE JUICE, BAGEL PHILLY, CHEESE SANDWICH, CHOCOLATE TWIST, FTREE TONIC, GORDON'S SINGLE, HAVANA ESPECIAL, LARGE FISH, LATTE MEDIUM, LATTE SMALL, T ICE MOCHA, TOFFEE CRISP"
172,Belgium choc frostino medium,Belgium choc frostino medium
173,Vegetable Side,"Apple/Orange Juice, SVG Tablets 24, Vegan Saus S/W , Vegetable Selection, Vegetable Side, Vegetarian dish, Weston's Cider"
174,Chip Butty,"Chip Butty, Chip Butty , Chip Stack, Chips Museum, CifWipesBath80s, Thali Curry, The Might Cuban"
175,Confectionary 55p,"90p Confectionary, Confectionary 55p, Confectionary 85p"
176,DRAMBUIE 25ML,"DRAMBUIE 25ML, GLENFIDICH 25ML, Glenkinchie  25ML, JACK DANIELS 25ML, Jagermeister  25ML, MALIBU 25ML, PREMIUM PANINI, WHITE SAMBUCA 25ML, YORK GIN 25ML "
177,Muffins/ Traybakes/Cake ,Muffins/ Traybakes/Cake 
178,Grey Goose (50ml),"Apple Juice (568ml), Games Socks NEW 3-6, Grey Goose (25ml), Grey Goose (50ml), Remy Martin Vsop (50ml), Southern comfort (50ml)"
179,GRANOLA POT 50p,"GIMCRACK AFTERNOON TEA, GRANOLA POT 50p, GRILLED TOMATO 60p, TONADA MERLOT BTL"
180,Anjou Rose Tourville 250ml,"Anjou Rose Tourville 175ml, Anjou Rose Tourville 250ml"
181,Dash Fresh Orange,"Al Ain Fresh Juice, Dash Fresh Orange, Dash of Soft Drink Mixer, Frobisher's Orange, Lucozade Orange, Quench Squash Small , Roast Squash Hummus, Salade Santé Freshorange"
182,Adult Walk in - O&T - FREE,Adult Walk in - O&T - FREE
183,Kingstone Press Half,"Egg Mayo & Cress Value, Kingstone Press - Pint , Kingstone Press Half"
184,Runaway Brewery Saison Summer (330ml),Runaway Brewery Saison Summer (330ml)
185,Frobishers Orange Infusions,Frobishers Orange Infusions
186,Toast & Spread,"Robinson Refresh'd, TO Rise & Shine , Toast & Spread, Toast Brown Bread, Toasted bagel bar"
187,Sugar ring doughnut,"Dairy Milk Wholenut, Glazed Doughnut, Hot Drink & Doughnut , Sugar ring doughnut, Sugarfree Irn Bru can"
188,Cheese Burger & Chips,"Cheese Burger & Chips, Cheese and Onion Crisps, Chicken Burger & Chips , The Ibex Burger & Chips., Veggie Burger+ Chips"
189,"C?tes du Rh?ne, Cuv?e St Laurent","C?tes du Rh?ne, Cuv?e St Laurent"
190,Chicken Skewer With Coriander Rice HO,Chicken Skewer With Coriander Rice HO
191,Classic Beef Stew & Dumplings served with mash pot,Classic Beef Stew & Dumplings served with mash pot
